<?xml version="1.0" encoding="UTF-8"?>
<beans xmlns="http://www.springframework.org/schema/beans"
    xmlns:xsi="http://www.w3.org/2001/XMLSchema-instance" 
    xmlns:p="http://www.springframework.org/schema/p"
    xmlns:aop="http://www.springframework.org/schema/aop" 
    xmlns:context="http://www.springframework.org/schema/context"
    xmlns:tx="http://www.springframework.org/schema/tx"
    xsi:schemaLocation="http://www.springframework.org/schema/aop 
        http://www.springframework.org/schema/aop/spring-aop-4.0.xsd
        http://www.springframework.org/schema/beans 
        http://www.springframework.org/schema/beans/spring-beans-4.0.xsd
        http://www.springframework.org/schema/tx 
        http://www.springframework.org/schema/tx/spring-tx-4.0.xsd
        http://www.springframework.org/schema/context 
        http://www.springframework.org/schema/context/spring-context-4.0.xsd">
	
	<!-- web.xml中shiro的filter对应的bean -->
    <!-- Shiro 的Web过滤器 -->
    <bean id="shiroFilter" class="org.apache.shiro.spring.web.ShiroFilterFactoryBean">
        <!-- 指定安全管理器 -->
        <property name="securityManager" ref="securityManager" />

        <!-- 如果没有认证将要跳转的登陆地址，http可访问的url，如果不在表单认证过虑器FormAuthenticationFilter中指定此地址就为身份认证地址 -->
        <!-- loginUrl认证提交地址，如果没有通过认证将会请求此地址进行认证，请求地址酱油formAuthenticationFilter进行表单认证 -->
        <property name="loginUrl" value="/loginCheck" />
		
		<!-- 登录成功跳转页面    -->
        <property name="successUrl" value="/turnToHome" /> 
		
        <!-- 认证通过后，指定如果没有权限跳转的地址 -->
        <property name="unauthorizedUrl" value="/login.jsp" />

        <!-- shiro拦截器配置 -->
        <property name="filters">
            <map>
                <entry key="authc" value-ref="formAuthenticationFilter" />
            </map>
        </property>

        <!-- 真正的filter，也是过滤链，从上向下顺序执行，一般都将/**放在最下边 -->
        <property name="filterChainDefinitions">
            <value>
                <!-- 所有的URL都可以匿名访问 -->
                /js/** = anon
		        /css/**  = anon
		        /img/**  = anon
		        /font-awesone/**  = anon
		        /validform/**  = anon
		        /login.jsp = anon
                /** = auchc
                /logout.action = logout
            </value>
        </property>
    </bean>
    
    <!-- 安全管理器 -->
    <bean id="securityManager" class="org.apache.shiro.web.mgt.DefaultWebSecurityManager">
        <!-- 注入realm -->
        <property name="realm" ref="userRealm" />
    </bean>
    
    <!-- 自定义 realm -->
    <bean id="userRealm" class="org.apache.shiro.realm.jdbc.JdbcRealm"></bean>
    
	        
</beans>